{"electronic reviews": {"Word2Vec electronic reviews 768": {"Gradient Boosting Machine": 0.8230072463768116, "Multinomial Naive Bayes": 0.813768115942029, "Bernoulli Naive Bayes": 0.813768115942029, "Complement Naive Bayes (CNB)": 0.7427536231884058, "Decision tree classifier": 0.7463768115942029, "Support Vector Classification (SVC)": 0.822463768115942, "random forest classifier": 0.8096014492753623, "Extra-trees classifier": 0.8269927536231885, "AdaBoost": 0.8009057971014493}}}