{"electronic reviews": {"Word2Vec electronic reviews 768": {"Gradient Boosting Machine": 0.827536231884058, "Multinomial Naive Bayes": 0.813768115942029, "Bernoulli Naive Bayes": 0.813768115942029, "Complement Naive Bayes (CNB)": 0.7427536231884058, "Decision tree classifier": 0.7418478260869565, "Support Vector Classification (SVC)": 0.822463768115942, "random forest classifier": 0.8096014492753624, "Extra-trees classifier": 0.8355072463768116, "AdaBoost": 0.7967391304347826}}}